field_id,field_name,method,n_used,year_min,year_max,status,coordinate_path,figure_path,error_message,random_state
11,Agricultural and Biological Sciences,PCA,10000,2000,2024,completed,outputs/08_visualization/per_field_method_comparison/coordinates/field_method_comparison/field__11__Agricultural_and_Biological_Sciences/PCA.parquet,outputs/08_visualization/per_field_method_comparison/figures/field_method_comparison/field__11__Agricultural_and_Biological_Sciences/PCA.png,,42
11,Agricultural and Biological Sciences,PHATE,10000,2000,2024,completed,outputs/08_visualization/per_field_method_comparison/coordinates/field_method_comparison/field__11__Agricultural_and_Biological_Sciences/PHATE.parquet,outputs/08_visualization/per_field_method_comparison/figures/field_method_comparison/field__11__Agricultural_and_Biological_Sciences/PHATE.png,,42
11,Agricultural and Biological Sciences,UMAP,10000,2000,2024,completed,outputs/08_visualization/per_field_method_comparison/coordinates/field_method_comparison/field__11__Agricultural_and_Biological_Sciences/UMAP.parquet,outputs/08_visualization/per_field_method_comparison/figures/field_method_comparison/field__11__Agricultural_and_Biological_Sciences/UMAP.png,,42
11,Agricultural and Biological Sciences,t-SNE,10000,2000,2024,completed,outputs/08_visualization/per_field_method_comparison/coordinates/field_method_comparison/field__11__Agricultural_and_Biological_Sciences/t-SNE.parquet,outputs/08_visualization/per_field_method_comparison/figures/field_method_comparison/field__11__Agricultural_and_Biological_Sciences/t-SNE.png,,42
12,Arts and Humanities,PCA,10000,2000,2024,completed,outputs/08_visualization/per_field_method_comparison/coordinates/field_method_comparison/field__12__Arts_and_Humanities/PCA.parquet,outputs/08_visualization/per_field_method_comparison/figures/field_method_comparison/field__12__Arts_and_Humanities/PCA.png,,42
12,Arts and Humanities,PHATE,10000,2000,2024,completed,outputs/08_visualization/per_field_method_comparison/coordinates/field_method_comparison/field__12__Arts_and_Humanities/PHATE.parquet,outputs/08_visualization/per_field_method_comparison/figures/field_method_comparison/field__12__Arts_and_Humanities/PHATE.png,,42
12,Arts and Humanities,UMAP,10000,2000,2024,completed,outputs/08_visualization/per_field_method_comparison/coordinates/field_method_comparison/field__12__Arts_and_Humanities/UMAP.parquet,outputs/08_visualization/per_field_method_comparison/figures/field_method_comparison/field__12__Arts_and_Humanities/UMAP.png,,42
12,Arts and Humanities,t-SNE,10000,2000,2024,completed,outputs/08_visualization/per_field_method_comparison/coordinates/field_method_comparison/field__12__Arts_and_Humanities/t-SNE.parquet,outputs/08_visualization/per_field_method_comparison/figures/field_method_comparison/field__12__Arts_and_Humanities/t-SNE.png,,42
13,"Biochemistry, Genetics and Molecular Biology",PCA,10000,2000,2024,completed,outputs/08_visualization/per_field_method_comparison/coordinates/field_method_comparison/field__13__Biochemistry_Genetics_and_Molecular_Biology/PCA.parquet,outputs/08_visualization/per_field_method_comparison/figures/field_method_comparison/field__13__Biochemistry_Genetics_and_Molecular_Biology/PCA.png,,42
13,"Biochemistry, Genetics and Molecular Biology",PHATE,10000,2000,2024,completed,outputs/08_visualization/per_field_method_comparison/coordinates/field_method_comparison/field__13__Biochemistry_Genetics_and_Molecular_Biology/PHATE.parquet,outputs/08_visualization/per_field_method_comparison/figures/field_method_comparison/field__13__Biochemistry_Genetics_and_Molecular_Biology/PHATE.png,,42
13,"Biochemistry, Genetics and Molecular Biology",UMAP,10000,2000,2024,completed,outputs/08_visualization/per_field_method_comparison/coordinates/field_method_comparison/field__13__Biochemistry_Genetics_and_Molecular_Biology/UMAP.parquet,outputs/08_visualization/per_field_method_comparison/figures/field_method_comparison/field__13__Biochemistry_Genetics_and_Molecular_Biology/UMAP.png,,42
13,"Biochemistry, Genetics and Molecular Biology",t-SNE,10000,2000,2024,completed,outputs/08_visualization/per_field_method_comparison/coordinates/field_method_comparison/field__13__Biochemistry_Genetics_and_Molecular_Biology/t-SNE.parquet,outputs/08_visualization/per_field_method_comparison/figures/field_method_comparison/field__13__Biochemistry_Genetics_and_Molecular_Biology/t-SNE.png,,42
14,"Business, Management and Accounting",PCA,10000,2000,2024,completed,outputs/08_visualization/per_field_method_comparison/coordinates/field_method_comparison/field__14__Business_Management_and_Accounting/PCA.parquet,outputs/08_visualization/per_field_method_comparison/figures/field_method_comparison/field__14__Business_Management_and_Accounting/PCA.png,,42
14,"Business, Management and Accounting",PHATE,10000,2000,2024,completed,outputs/08_visualization/per_field_method_comparison/coordinates/field_method_comparison/field__14__Business_Management_and_Accounting/PHATE.parquet,outputs/08_visualization/per_field_method_comparison/figures/field_method_comparison/field__14__Business_Management_and_Accounting/PHATE.png,,42
14,"Business, Management and Accounting",UMAP,10000,2000,2024,completed,outputs/08_visualization/per_field_method_comparison/coordinates/field_method_comparison/field__14__Business_Management_and_Accounting/UMAP.parquet,outputs/08_visualization/per_field_method_comparison/figures/field_method_comparison/field__14__Business_Management_and_Accounting/UMAP.png,,42
14,"Business, Management and Accounting",t-SNE,10000,2000,2024,completed,outputs/08_visualization/per_field_method_comparison/coordinates/field_method_comparison/field__14__Business_Management_and_Accounting/t-SNE.parquet,outputs/08_visualization/per_field_method_comparison/figures/field_method_comparison/field__14__Business_Management_and_Accounting/t-SNE.png,,42
15,Chemical Engineering,PCA,10000,2000,2024,completed,outputs/08_visualization/per_field_method_comparison/coordinates/field_method_comparison/field__15__Chemical_Engineering/PCA.parquet,outputs/08_visualization/per_field_method_comparison/figures/field_method_comparison/field__15__Chemical_Engineering/PCA.png,,42
15,Chemical Engineering,PHATE,10000,2000,2024,completed,outputs/08_visualization/per_field_method_comparison/coordinates/field_method_comparison/field__15__Chemical_Engineering/PHATE.parquet,outputs/08_visualization/per_field_method_comparison/figures/field_method_comparison/field__15__Chemical_Engineering/PHATE.png,,42
15,Chemical Engineering,UMAP,10000,2000,2024,completed,outputs/08_visualization/per_field_method_comparison/coordinates/field_method_comparison/field__15__Chemical_Engineering/UMAP.parquet,outputs/08_visualization/per_field_method_comparison/figures/field_method_comparison/field__15__Chemical_Engineering/UMAP.png,,42
15,Chemical Engineering,t-SNE,10000,2000,2024,completed,outputs/08_visualization/per_field_method_comparison/coordinates/field_method_comparison/field__15__Chemical_Engineering/t-SNE.parquet,outputs/08_visualization/per_field_method_comparison/figures/field_method_comparison/field__15__Chemical_Engineering/t-SNE.png,,42
16,Chemistry,PCA,10000,2000,2024,completed,outputs/08_visualization/per_field_method_comparison/coordinates/field_method_comparison/field__16__Chemistry/PCA.parquet,outputs/08_visualization/per_field_method_comparison/figures/field_method_comparison/field__16__Chemistry/PCA.png,,42
16,Chemistry,PHATE,10000,2000,2024,completed,outputs/08_visualization/per_field_method_comparison/coordinates/field_method_comparison/field__16__Chemistry/PHATE.parquet,outputs/08_visualization/per_field_method_comparison/figures/field_method_comparison/field__16__Chemistry/PHATE.png,,42
16,Chemistry,UMAP,10000,2000,2024,completed,outputs/08_visualization/per_field_method_comparison/coordinates/field_method_comparison/field__16__Chemistry/UMAP.parquet,outputs/08_visualization/per_field_method_comparison/figures/field_method_comparison/field__16__Chemistry/UMAP.png,,42
16,Chemistry,t-SNE,10000,2000,2024,completed,outputs/08_visualization/per_field_method_comparison/coordinates/field_method_comparison/field__16__Chemistry/t-SNE.parquet,outputs/08_visualization/per_field_method_comparison/figures/field_method_comparison/field__16__Chemistry/t-SNE.png,,42
17,Computer Science,PCA,10000,2000,2024,completed,outputs/08_visualization/per_field_method_comparison/coordinates/field_method_comparison/field__17__Computer_Science/PCA.parquet,outputs/08_visualization/per_field_method_comparison/figures/field_method_comparison/field__17__Computer_Science/PCA.png,,42
17,Computer Science,PHATE,10000,2000,2024,completed,outputs/08_visualization/per_field_method_comparison/coordinates/field_method_comparison/field__17__Computer_Science/PHATE.parquet,outputs/08_visualization/per_field_method_comparison/figures/field_method_comparison/field__17__Computer_Science/PHATE.png,,42
17,Computer Science,UMAP,10000,2000,2024,completed,outputs/08_visualization/per_field_method_comparison/coordinates/field_method_comparison/field__17__Computer_Science/UMAP.parquet,outputs/08_visualization/per_field_method_comparison/figures/field_method_comparison/field__17__Computer_Science/UMAP.png,,42
17,Computer Science,t-SNE,10000,2000,2024,completed,outputs/08_visualization/per_field_method_comparison/coordinates/field_method_comparison/field__17__Computer_Science/t-SNE.parquet,outputs/08_visualization/per_field_method_comparison/figures/field_method_comparison/field__17__Computer_Science/t-SNE.png,,42
18,Decision Sciences,PCA,10000,2000,2024,completed,outputs/08_visualization/per_field_method_comparison/coordinates/field_method_comparison/field__18__Decision_Sciences/PCA.parquet,outputs/08_visualization/per_field_method_comparison/figures/field_method_comparison/field__18__Decision_Sciences/PCA.png,,42
18,Decision Sciences,PHATE,10000,2000,2024,completed,outputs/08_visualization/per_field_method_comparison/coordinates/field_method_comparison/field__18__Decision_Sciences/PHATE.parquet,outputs/08_visualization/per_field_method_comparison/figures/field_method_comparison/field__18__Decision_Sciences/PHATE.png,,42
18,Decision Sciences,UMAP,10000,2000,2024,completed,outputs/08_visualization/per_field_method_comparison/coordinates/field_method_comparison/field__18__Decision_Sciences/UMAP.parquet,outputs/08_visualization/per_field_method_comparison/figures/field_method_comparison/field__18__Decision_Sciences/UMAP.png,,42
18,Decision Sciences,t-SNE,10000,2000,2024,completed,outputs/08_visualization/per_field_method_comparison/coordinates/field_method_comparison/field__18__Decision_Sciences/t-SNE.parquet,outputs/08_visualization/per_field_method_comparison/figures/field_method_comparison/field__18__Decision_Sciences/t-SNE.png,,42
19,Earth and Planetary Sciences,PCA,10000,2000,2024,completed,outputs/08_visualization/per_field_method_comparison/coordinates/field_method_comparison/field__19__Earth_and_Planetary_Sciences/PCA.parquet,outputs/08_visualization/per_field_method_comparison/figures/field_method_comparison/field__19__Earth_and_Planetary_Sciences/PCA.png,,42
19,Earth and Planetary Sciences,PHATE,10000,2000,2024,completed,outputs/08_visualization/per_field_method_comparison/coordinates/field_method_comparison/field__19__Earth_and_Planetary_Sciences/PHATE.parquet,outputs/08_visualization/per_field_method_comparison/figures/field_method_comparison/field__19__Earth_and_Planetary_Sciences/PHATE.png,,42
19,Earth and Planetary Sciences,UMAP,10000,2000,2024,completed,outputs/08_visualization/per_field_method_comparison/coordinates/field_method_comparison/field__19__Earth_and_Planetary_Sciences/UMAP.parquet,outputs/08_visualization/per_field_method_comparison/figures/field_method_comparison/field__19__Earth_and_Planetary_Sciences/UMAP.png,,42
19,Earth and Planetary Sciences,t-SNE,10000,2000,2024,completed,outputs/08_visualization/per_field_method_comparison/coordinates/field_method_comparison/field__19__Earth_and_Planetary_Sciences/t-SNE.parquet,outputs/08_visualization/per_field_method_comparison/figures/field_method_comparison/field__19__Earth_and_Planetary_Sciences/t-SNE.png,,42
20,"Economics, Econometrics and Finance",PCA,10000,2000,2024,completed,outputs/08_visualization/per_field_method_comparison/coordinates/field_method_comparison/field__20__Economics_Econometrics_and_Finance/PCA.parquet,outputs/08_visualization/per_field_method_comparison/figures/field_method_comparison/field__20__Economics_Econometrics_and_Finance/PCA.png,,42
20,"Economics, Econometrics and Finance",PHATE,10000,2000,2024,completed,outputs/08_visualization/per_field_method_comparison/coordinates/field_method_comparison/field__20__Economics_Econometrics_and_Finance/PHATE.parquet,outputs/08_visualization/per_field_method_comparison/figures/field_method_comparison/field__20__Economics_Econometrics_and_Finance/PHATE.png,,42
20,"Economics, Econometrics and Finance",UMAP,10000,2000,2024,completed,outputs/08_visualization/per_field_method_comparison/coordinates/field_method_comparison/field__20__Economics_Econometrics_and_Finance/UMAP.parquet,outputs/08_visualization/per_field_method_comparison/figures/field_method_comparison/field__20__Economics_Econometrics_and_Finance/UMAP.png,,42
20,"Economics, Econometrics and Finance",t-SNE,10000,2000,2024,completed,outputs/08_visualization/per_field_method_comparison/coordinates/field_method_comparison/field__20__Economics_Econometrics_and_Finance/t-SNE.parquet,outputs/08_visualization/per_field_method_comparison/figures/field_method_comparison/field__20__Economics_Econometrics_and_Finance/t-SNE.png,,42
21,Energy,PCA,10000,2000,2024,completed,outputs/08_visualization/per_field_method_comparison/coordinates/field_method_comparison/field__21__Energy/PCA.parquet,outputs/08_visualization/per_field_method_comparison/figures/field_method_comparison/field__21__Energy/PCA.png,,42
21,Energy,PHATE,10000,2000,2024,completed,outputs/08_visualization/per_field_method_comparison/coordinates/field_method_comparison/field__21__Energy/PHATE.parquet,outputs/08_visualization/per_field_method_comparison/figures/field_method_comparison/field__21__Energy/PHATE.png,,42
21,Energy,UMAP,10000,2000,2024,completed,outputs/08_visualization/per_field_method_comparison/coordinates/field_method_comparison/field__21__Energy/UMAP.parquet,outputs/08_visualization/per_field_method_comparison/figures/field_method_comparison/field__21__Energy/UMAP.png,,42
21,Energy,t-SNE,10000,2000,2024,completed,outputs/08_visualization/per_field_method_comparison/coordinates/field_method_comparison/field__21__Energy/t-SNE.parquet,outputs/08_visualization/per_field_method_comparison/figures/field_method_comparison/field__21__Energy/t-SNE.png,,42
22,Engineering,PCA,10000,2000,2024,completed,outputs/08_visualization/per_field_method_comparison/coordinates/field_method_comparison/field__22__Engineering/PCA.parquet,outputs/08_visualization/per_field_method_comparison/figures/field_method_comparison/field__22__Engineering/PCA.png,,42
22,Engineering,PHATE,10000,2000,2024,completed,outputs/08_visualization/per_field_method_comparison/coordinates/field_method_comparison/field__22__Engineering/PHATE.parquet,outputs/08_visualization/per_field_method_comparison/figures/field_method_comparison/field__22__Engineering/PHATE.png,,42
22,Engineering,UMAP,10000,2000,2024,completed,outputs/08_visualization/per_field_method_comparison/coordinates/field_method_comparison/field__22__Engineering/UMAP.parquet,outputs/08_visualization/per_field_method_comparison/figures/field_method_comparison/field__22__Engineering/UMAP.png,,42
22,Engineering,t-SNE,10000,2000,2024,completed,outputs/08_visualization/per_field_method_comparison/coordinates/field_method_comparison/field__22__Engineering/t-SNE.parquet,outputs/08_visualization/per_field_method_comparison/figures/field_method_comparison/field__22__Engineering/t-SNE.png,,42
23,Environmental Science,PCA,10000,2000,2024,completed,outputs/08_visualization/per_field_method_comparison/coordinates/field_method_comparison/field__23__Environmental_Science/PCA.parquet,outputs/08_visualization/per_field_method_comparison/figures/field_method_comparison/field__23__Environmental_Science/PCA.png,,42
23,Environmental Science,PHATE,10000,2000,2024,completed,outputs/08_visualization/per_field_method_comparison/coordinates/field_method_comparison/field__23__Environmental_Science/PHATE.parquet,outputs/08_visualization/per_field_method_comparison/figures/field_method_comparison/field__23__Environmental_Science/PHATE.png,,42
23,Environmental Science,UMAP,10000,2000,2024,completed,outputs/08_visualization/per_field_method_comparison/coordinates/field_method_comparison/field__23__Environmental_Science/UMAP.parquet,outputs/08_visualization/per_field_method_comparison/figures/field_method_comparison/field__23__Environmental_Science/UMAP.png,,42
23,Environmental Science,t-SNE,10000,2000,2024,completed,outputs/08_visualization/per_field_method_comparison/coordinates/field_method_comparison/field__23__Environmental_Science/t-SNE.parquet,outputs/08_visualization/per_field_method_comparison/figures/field_method_comparison/field__23__Environmental_Science/t-SNE.png,,42
24,Immunology and Microbiology,PCA,10000,2000,2024,completed,outputs/08_visualization/per_field_method_comparison/coordinates/field_method_comparison/field__24__Immunology_and_Microbiology/PCA.parquet,outputs/08_visualization/per_field_method_comparison/figures/field_method_comparison/field__24__Immunology_and_Microbiology/PCA.png,,42
24,Immunology and Microbiology,PHATE,10000,2000,2024,completed,outputs/08_visualization/per_field_method_comparison/coordinates/field_method_comparison/field__24__Immunology_and_Microbiology/PHATE.parquet,outputs/08_visualization/per_field_method_comparison/figures/field_method_comparison/field__24__Immunology_and_Microbiology/PHATE.png,,42
24,Immunology and Microbiology,UMAP,10000,2000,2024,completed,outputs/08_visualization/per_field_method_comparison/coordinates/field_method_comparison/field__24__Immunology_and_Microbiology/UMAP.parquet,outputs/08_visualization/per_field_method_comparison/figures/field_method_comparison/field__24__Immunology_and_Microbiology/UMAP.png,,42
24,Immunology and Microbiology,t-SNE,10000,2000,2024,completed,outputs/08_visualization/per_field_method_comparison/coordinates/field_method_comparison/field__24__Immunology_and_Microbiology/t-SNE.parquet,outputs/08_visualization/per_field_method_comparison/figures/field_method_comparison/field__24__Immunology_and_Microbiology/t-SNE.png,,42
25,Materials Science,PCA,10000,2000,2024,completed,outputs/08_visualization/per_field_method_comparison/coordinates/field_method_comparison/field__25__Materials_Science/PCA.parquet,outputs/08_visualization/per_field_method_comparison/figures/field_method_comparison/field__25__Materials_Science/PCA.png,,42
25,Materials Science,PHATE,10000,2000,2024,completed,outputs/08_visualization/per_field_method_comparison/coordinates/field_method_comparison/field__25__Materials_Science/PHATE.parquet,outputs/08_visualization/per_field_method_comparison/figures/field_method_comparison/field__25__Materials_Science/PHATE.png,,42
25,Materials Science,UMAP,10000,2000,2024,completed,outputs/08_visualization/per_field_method_comparison/coordinates/field_method_comparison/field__25__Materials_Science/UMAP.parquet,outputs/08_visualization/per_field_method_comparison/figures/field_method_comparison/field__25__Materials_Science/UMAP.png,,42
25,Materials Science,t-SNE,10000,2000,2024,completed,outputs/08_visualization/per_field_method_comparison/coordinates/field_method_comparison/field__25__Materials_Science/t-SNE.parquet,outputs/08_visualization/per_field_method_comparison/figures/field_method_comparison/field__25__Materials_Science/t-SNE.png,,42
26,Mathematics,PCA,10000,2000,2024,completed,outputs/08_visualization/per_field_method_comparison/coordinates/field_method_comparison/field__26__Mathematics/PCA.parquet,outputs/08_visualization/per_field_method_comparison/figures/field_method_comparison/field__26__Mathematics/PCA.png,,42
26,Mathematics,PHATE,10000,2000,2024,completed,outputs/08_visualization/per_field_method_comparison/coordinates/field_method_comparison/field__26__Mathematics/PHATE.parquet,outputs/08_visualization/per_field_method_comparison/figures/field_method_comparison/field__26__Mathematics/PHATE.png,,42
26,Mathematics,UMAP,10000,2000,2024,completed,outputs/08_visualization/per_field_method_comparison/coordinates/field_method_comparison/field__26__Mathematics/UMAP.parquet,outputs/08_visualization/per_field_method_comparison/figures/field_method_comparison/field__26__Mathematics/UMAP.png,,42
26,Mathematics,t-SNE,10000,2000,2024,completed,outputs/08_visualization/per_field_method_comparison/coordinates/field_method_comparison/field__26__Mathematics/t-SNE.parquet,outputs/08_visualization/per_field_method_comparison/figures/field_method_comparison/field__26__Mathematics/t-SNE.png,,42
27,Medicine,PCA,10000,2000,2024,completed,outputs/08_visualization/per_field_method_comparison/coordinates/field_method_comparison/field__27__Medicine/PCA.parquet,outputs/08_visualization/per_field_method_comparison/figures/field_method_comparison/field__27__Medicine/PCA.png,,42
27,Medicine,PHATE,10000,2000,2024,completed,outputs/08_visualization/per_field_method_comparison/coordinates/field_method_comparison/field__27__Medicine/PHATE.parquet,outputs/08_visualization/per_field_method_comparison/figures/field_method_comparison/field__27__Medicine/PHATE.png,,42
27,Medicine,UMAP,10000,2000,2024,completed,outputs/08_visualization/per_field_method_comparison/coordinates/field_method_comparison/field__27__Medicine/UMAP.parquet,outputs/08_visualization/per_field_method_comparison/figures/field_method_comparison/field__27__Medicine/UMAP.png,,42
27,Medicine,t-SNE,10000,2000,2024,completed,outputs/08_visualization/per_field_method_comparison/coordinates/field_method_comparison/field__27__Medicine/t-SNE.parquet,outputs/08_visualization/per_field_method_comparison/figures/field_method_comparison/field__27__Medicine/t-SNE.png,,42
28,Neuroscience,PCA,10000,2000,2024,completed,outputs/08_visualization/per_field_method_comparison/coordinates/field_method_comparison/field__28__Neuroscience/PCA.parquet,outputs/08_visualization/per_field_method_comparison/figures/field_method_comparison/field__28__Neuroscience/PCA.png,,42
28,Neuroscience,PHATE,10000,2000,2024,completed,outputs/08_visualization/per_field_method_comparison/coordinates/field_method_comparison/field__28__Neuroscience/PHATE.parquet,outputs/08_visualization/per_field_method_comparison/figures/field_method_comparison/field__28__Neuroscience/PHATE.png,,42
28,Neuroscience,UMAP,10000,2000,2024,completed,outputs/08_visualization/per_field_method_comparison/coordinates/field_method_comparison/field__28__Neuroscience/UMAP.parquet,outputs/08_visualization/per_field_method_comparison/figures/field_method_comparison/field__28__Neuroscience/UMAP.png,,42
28,Neuroscience,t-SNE,10000,2000,2024,completed,outputs/08_visualization/per_field_method_comparison/coordinates/field_method_comparison/field__28__Neuroscience/t-SNE.parquet,outputs/08_visualization/per_field_method_comparison/figures/field_method_comparison/field__28__Neuroscience/t-SNE.png,,42
29,Nursing,PCA,10000,2000,2024,completed,outputs/08_visualization/per_field_method_comparison/coordinates/field_method_comparison/field__29__Nursing/PCA.parquet,outputs/08_visualization/per_field_method_comparison/figures/field_method_comparison/field__29__Nursing/PCA.png,,42
29,Nursing,PHATE,10000,2000,2024,completed,outputs/08_visualization/per_field_method_comparison/coordinates/field_method_comparison/field__29__Nursing/PHATE.parquet,outputs/08_visualization/per_field_method_comparison/figures/field_method_comparison/field__29__Nursing/PHATE.png,,42
29,Nursing,UMAP,10000,2000,2024,completed,outputs/08_visualization/per_field_method_comparison/coordinates/field_method_comparison/field__29__Nursing/UMAP.parquet,outputs/08_visualization/per_field_method_comparison/figures/field_method_comparison/field__29__Nursing/UMAP.png,,42
29,Nursing,t-SNE,10000,2000,2024,completed,outputs/08_visualization/per_field_method_comparison/coordinates/field_method_comparison/field__29__Nursing/t-SNE.parquet,outputs/08_visualization/per_field_method_comparison/figures/field_method_comparison/field__29__Nursing/t-SNE.png,,42
30,"Pharmacology, Toxicology and Pharmaceutics",PCA,10000,2000,2024,completed,outputs/08_visualization/per_field_method_comparison/coordinates/field_method_comparison/field__30__Pharmacology_Toxicology_and_Pharmaceutics/PCA.parquet,outputs/08_visualization/per_field_method_comparison/figures/field_method_comparison/field__30__Pharmacology_Toxicology_and_Pharmaceutics/PCA.png,,42
30,"Pharmacology, Toxicology and Pharmaceutics",PHATE,10000,2000,2024,completed,outputs/08_visualization/per_field_method_comparison/coordinates/field_method_comparison/field__30__Pharmacology_Toxicology_and_Pharmaceutics/PHATE.parquet,outputs/08_visualization/per_field_method_comparison/figures/field_method_comparison/field__30__Pharmacology_Toxicology_and_Pharmaceutics/PHATE.png,,42
30,"Pharmacology, Toxicology and Pharmaceutics",UMAP,10000,2000,2024,completed,outputs/08_visualization/per_field_method_comparison/coordinates/field_method_comparison/field__30__Pharmacology_Toxicology_and_Pharmaceutics/UMAP.parquet,outputs/08_visualization/per_field_method_comparison/figures/field_method_comparison/field__30__Pharmacology_Toxicology_and_Pharmaceutics/UMAP.png,,42
30,"Pharmacology, Toxicology and Pharmaceutics",t-SNE,10000,2000,2024,completed,outputs/08_visualization/per_field_method_comparison/coordinates/field_method_comparison/field__30__Pharmacology_Toxicology_and_Pharmaceutics/t-SNE.parquet,outputs/08_visualization/per_field_method_comparison/figures/field_method_comparison/field__30__Pharmacology_Toxicology_and_Pharmaceutics/t-SNE.png,,42
31,Physics and Astronomy,PCA,10000,2000,2024,completed,outputs/08_visualization/per_field_method_comparison/coordinates/field_method_comparison/field__31__Physics_and_Astronomy/PCA.parquet,outputs/08_visualization/per_field_method_comparison/figures/field_method_comparison/field__31__Physics_and_Astronomy/PCA.png,,42
31,Physics and Astronomy,PHATE,10000,2000,2024,completed,outputs/08_visualization/per_field_method_comparison/coordinates/field_method_comparison/field__31__Physics_and_Astronomy/PHATE.parquet,outputs/08_visualization/per_field_method_comparison/figures/field_method_comparison/field__31__Physics_and_Astronomy/PHATE.png,,42
31,Physics and Astronomy,UMAP,10000,2000,2024,completed,outputs/08_visualization/per_field_method_comparison/coordinates/field_method_comparison/field__31__Physics_and_Astronomy/UMAP.parquet,outputs/08_visualization/per_field_method_comparison/figures/field_method_comparison/field__31__Physics_and_Astronomy/UMAP.png,,42
31,Physics and Astronomy,t-SNE,10000,2000,2024,completed,outputs/08_visualization/per_field_method_comparison/coordinates/field_method_comparison/field__31__Physics_and_Astronomy/t-SNE.parquet,outputs/08_visualization/per_field_method_comparison/figures/field_method_comparison/field__31__Physics_and_Astronomy/t-SNE.png,,42
32,Psychology,PCA,10000,2000,2024,completed,outputs/08_visualization/per_field_method_comparison/coordinates/field_method_comparison/field__32__Psychology/PCA.parquet,outputs/08_visualization/per_field_method_comparison/figures/field_method_comparison/field__32__Psychology/PCA.png,,42
32,Psychology,PHATE,10000,2000,2024,completed,outputs/08_visualization/per_field_method_comparison/coordinates/field_method_comparison/field__32__Psychology/PHATE.parquet,outputs/08_visualization/per_field_method_comparison/figures/field_method_comparison/field__32__Psychology/PHATE.png,,42
32,Psychology,UMAP,10000,2000,2024,completed,outputs/08_visualization/per_field_method_comparison/coordinates/field_method_comparison/field__32__Psychology/UMAP.parquet,outputs/08_visualization/per_field_method_comparison/figures/field_method_comparison/field__32__Psychology/UMAP.png,,42
32,Psychology,t-SNE,10000,2000,2024,completed,outputs/08_visualization/per_field_method_comparison/coordinates/field_method_comparison/field__32__Psychology/t-SNE.parquet,outputs/08_visualization/per_field_method_comparison/figures/field_method_comparison/field__32__Psychology/t-SNE.png,,42
33,Social Sciences,PCA,10000,2000,2024,completed,outputs/08_visualization/per_field_method_comparison/coordinates/field_method_comparison/field__33__Social_Sciences/PCA.parquet,outputs/08_visualization/per_field_method_comparison/figures/field_method_comparison/field__33__Social_Sciences/PCA.png,,42
33,Social Sciences,PHATE,10000,2000,2024,completed,outputs/08_visualization/per_field_method_comparison/coordinates/field_method_comparison/field__33__Social_Sciences/PHATE.parquet,outputs/08_visualization/per_field_method_comparison/figures/field_method_comparison/field__33__Social_Sciences/PHATE.png,,42
33,Social Sciences,UMAP,10000,2000,2024,completed,outputs/08_visualization/per_field_method_comparison/coordinates/field_method_comparison/field__33__Social_Sciences/UMAP.parquet,outputs/08_visualization/per_field_method_comparison/figures/field_method_comparison/field__33__Social_Sciences/UMAP.png,,42
33,Social Sciences,t-SNE,10000,2000,2024,completed,outputs/08_visualization/per_field_method_comparison/coordinates/field_method_comparison/field__33__Social_Sciences/t-SNE.parquet,outputs/08_visualization/per_field_method_comparison/figures/field_method_comparison/field__33__Social_Sciences/t-SNE.png,,42
34,Veterinary,PCA,10000,2000,2024,completed,outputs/08_visualization/per_field_method_comparison/coordinates/field_method_comparison/field__34__Veterinary/PCA.parquet,outputs/08_visualization/per_field_method_comparison/figures/field_method_comparison/field__34__Veterinary/PCA.png,,42
34,Veterinary,PHATE,10000,2000,2024,completed,outputs/08_visualization/per_field_method_comparison/coordinates/field_method_comparison/field__34__Veterinary/PHATE.parquet,outputs/08_visualization/per_field_method_comparison/figures/field_method_comparison/field__34__Veterinary/PHATE.png,,42
34,Veterinary,UMAP,10000,2000,2024,completed,outputs/08_visualization/per_field_method_comparison/coordinates/field_method_comparison/field__34__Veterinary/UMAP.parquet,outputs/08_visualization/per_field_method_comparison/figures/field_method_comparison/field__34__Veterinary/UMAP.png,,42
34,Veterinary,t-SNE,10000,2000,2024,completed,outputs/08_visualization/per_field_method_comparison/coordinates/field_method_comparison/field__34__Veterinary/t-SNE.parquet,outputs/08_visualization/per_field_method_comparison/figures/field_method_comparison/field__34__Veterinary/t-SNE.png,,42
35,Dentistry,PCA,10000,2000,2024,completed,outputs/08_visualization/per_field_method_comparison/coordinates/field_method_comparison/field__35__Dentistry/PCA.parquet,outputs/08_visualization/per_field_method_comparison/figures/field_method_comparison/field__35__Dentistry/PCA.png,,42
35,Dentistry,PHATE,10000,2000,2024,completed,outputs/08_visualization/per_field_method_comparison/coordinates/field_method_comparison/field__35__Dentistry/PHATE.parquet,outputs/08_visualization/per_field_method_comparison/figures/field_method_comparison/field__35__Dentistry/PHATE.png,,42
35,Dentistry,UMAP,10000,2000,2024,completed,outputs/08_visualization/per_field_method_comparison/coordinates/field_method_comparison/field__35__Dentistry/UMAP.parquet,outputs/08_visualization/per_field_method_comparison/figures/field_method_comparison/field__35__Dentistry/UMAP.png,,42
35,Dentistry,t-SNE,10000,2000,2024,completed,outputs/08_visualization/per_field_method_comparison/coordinates/field_method_comparison/field__35__Dentistry/t-SNE.parquet,outputs/08_visualization/per_field_method_comparison/figures/field_method_comparison/field__35__Dentistry/t-SNE.png,,42
36,Health Professions,PCA,10000,2000,2024,completed,outputs/08_visualization/per_field_method_comparison/coordinates/field_method_comparison/field__36__Health_Professions/PCA.parquet,outputs/08_visualization/per_field_method_comparison/figures/field_method_comparison/field__36__Health_Professions/PCA.png,,42
36,Health Professions,PHATE,10000,2000,2024,completed,outputs/08_visualization/per_field_method_comparison/coordinates/field_method_comparison/field__36__Health_Professions/PHATE.parquet,outputs/08_visualization/per_field_method_comparison/figures/field_method_comparison/field__36__Health_Professions/PHATE.png,,42
36,Health Professions,UMAP,10000,2000,2024,completed,outputs/08_visualization/per_field_method_comparison/coordinates/field_method_comparison/field__36__Health_Professions/UMAP.parquet,outputs/08_visualization/per_field_method_comparison/figures/field_method_comparison/field__36__Health_Professions/UMAP.png,,42
36,Health Professions,t-SNE,10000,2000,2024,completed,outputs/08_visualization/per_field_method_comparison/coordinates/field_method_comparison/field__36__Health_Professions/t-SNE.parquet,outputs/08_visualization/per_field_method_comparison/figures/field_method_comparison/field__36__Health_Professions/t-SNE.png,,42
